Question,Status
1,In use
2,In use
3,Delete
4,Delete
5,Delete
6,In use
7,In use
8,In use
9,Delete
10,In use
11,Delete
12,Delete
13,In use
14,Delete
15,In use
16,In use
17,In use
18,Delete
19,In use
20,In use
21,Delete
22,In use
23,In use
24,Delete
25,Delete
26,Delete
27,In use
28,In use
29,Delete
30,Delete
31,In use
32,Delete
33,In use
34,In use
35,In use
36,In use
37,In use
38,In use
39,In use
40,In use
41,In use
42,In use
43,In use
44,Delete
45,In use
46,In use
47,In use
48,In use
49,Delete
50,Delete
51,Delete
52,In use
53,In use
54,Delete
55,In use
56,In use
57,In use
58,In use
59,Delete
60,Delete
61,In use
62,Delete
63,Delete
64,In use
65,In use
66,Delete
67,In use
68,Delete
69,In use
70,In use
71,In use
72,In use
73,In use
74,In use
75,Delete
76,In use
77,Delete
78,Delete
79,In use
80,Delete
81,Delete
82,In use
83,In use
84,In use
85,Delete
86,Delete
87,In use
88,Delete
89,Delete
90,In use
91,Delete
92,In use
93,Delete
94,Delete
95,Delete
96,Delete
97,In use
98,In use
99,In use
100,In use
101,In use
102,Delete
